iteracao,acc_prequencial,acuracia
1,1.0,100.0
2,0.5,50.0
3,0.6666666666666666,66.66666666666667
4,0.5,50.0
5,0.6,60.0
6,0.5,50.0
7,0.5714285714285714,57.142857142857146
8,0.625,62.5
9,0.6666666666666666,66.66666666666667
10,0.7,70.0
11,0.7272727272727272,72.72727272727273
12,0.7499999999999999,75.0
13,0.7692307692307692,76.92307692307692
14,0.7857142857142857,78.57142857142857
15,0.7999999999999999,80.0
16,0.8124999999999999,81.25
17,0.8235294117647057,82.3529411764706
18,0.8333333333333331,83.33333333333333
19,0.8421052631578946,84.21052631578948
20,0.8499999999999999,85.0
21,0.857142857142857,85.71428571428571
22,0.8636363636363635,86.36363636363636
23,0.8695652173913042,86.95652173913044
24,0.8749999999999999,87.5
25,0.8799999999999999,88.0
26,0.8846153846153845,88.46153846153847
27,0.8888888888888887,88.88888888888889
28,0.8928571428571427,89.28571428571429
29,0.8965517241379308,89.65517241379311
30,0.8999999999999998,90.0
31,0.9032258064516127,90.3225806451613
32,0.9062499999999998,90.625
33,0.9090909090909088,90.9090909090909
34,0.9117647058823527,91.17647058823529
35,0.914285714285714,91.42857142857143
36,0.9166666666666664,91.66666666666667
37,0.9189189189189186,91.89189189189189
38,0.9210526315789471,92.10526315789474
39,0.9230769230769228,92.3076923076923
40,0.9249999999999997,92.5
41,0.9268292682926826,92.6829268292683
42,0.9285714285714283,92.85714285714286
43,0.9302325581395345,93.02325581395348
44,0.9318181818181814,93.18181818181819
45,0.9333333333333329,93.33333333333333
46,0.9347826086956518,93.47826086956522
47,0.936170212765957,93.61702127659575
48,0.9374999999999996,93.75
49,0.9387755102040812,93.87755102040816
50,0.9399999999999996,94.0
51,0.941176470588235,94.11764705882354
52,0.942307692307692,94.23076923076923
53,0.943396226415094,94.33962264150944
54,0.9444444444444441,94.44444444444444
55,0.9454545454545451,94.54545454545455
56,0.9464285714285711,94.64285714285714
57,0.9473684210526312,94.73684210526316
58,0.9482758620689652,94.82758620689656
59,0.949152542372881,94.91525423728814
60,0.9499999999999997,95.0
61,0.9508196721311473,95.08196721311475
62,0.9516129032258062,95.16129032258064
63,0.9523809523809521,95.23809523809524
64,0.9531249999999998,95.3125
65,0.9538461538461537,95.38461538461539
66,0.9545454545454544,95.45454545454545
67,0.9552238805970148,95.5223880597015
68,0.9558823529411763,95.58823529411765
69,0.9565217391304346,95.65217391304348
70,0.9428571428571426,94.28571428571429
71,0.9436619718309857,94.36619718309859
72,0.9444444444444442,94.44444444444444
73,0.9452054794520546,94.52054794520548
74,0.9459459459459457,94.5945945945946
75,0.9466666666666664,94.66666666666667
76,0.9473684210526313,94.73684210526316
77,0.9480519480519478,94.8051948051948
78,0.9487179487179485,94.87179487179488
79,0.9493670886075947,94.9367088607595
80,0.9499999999999997,95.0
81,0.9506172839506171,95.06172839506173
82,0.9512195121951217,95.1219512195122
83,0.9518072289156624,95.18072289156626
84,0.9523809523809521,95.23809523809524
85,0.952941176470588,95.29411764705883
86,0.953488372093023,95.34883720930233
87,0.9540229885057468,95.40229885057471
88,0.9545454545454543,95.45454545454545
89,0.9550561797752806,95.50561797752809
90,0.9555555555555553,95.55555555555556
91,0.9560439560439558,95.6043956043956
92,0.9565217391304345,95.65217391304348
93,0.9569892473118277,95.6989247311828
94,0.957446808510638,95.74468085106383
95,0.957894736842105,95.78947368421052
96,0.9583333333333331,95.83333333333333
97,0.958762886597938,95.87628865979381
98,0.9591836734693876,95.91836734693878
99,0.9595959595959594,95.95959595959596
100,0.9599999999999999,96.0
101,0.9603960396039602,96.03960396039604
102,0.96078431372549,96.07843137254902
103,0.9611650485436891,96.11650485436893
104,0.9615384615384613,96.15384615384616
105,0.9619047619047617,96.19047619047619
106,0.962264150943396,96.22641509433963
107,0.9626168224299063,96.26168224299066
108,0.9629629629629627,96.29629629629629
109,0.9633027522935778,96.3302752293578
110,0.9636363636363634,96.36363636363636
111,0.9549549549549547,95.49549549549549
112,0.9553571428571427,95.53571428571429
113,0.9557522123893804,95.57522123893806
114,0.9561403508771928,95.6140350877193
115,0.9565217391304347,95.65217391304348
116,0.9568965517241379,95.6896551724138
117,0.9572649572649572,95.72649572649573
118,0.9576271186440677,95.76271186440678
119,0.9579831932773109,95.7983193277311
120,0.9583333333333333,95.83333333333333
121,0.9504132231404958,95.04132231404958
122,0.9508196721311475,95.08196721311475
123,0.9512195121951219,95.1219512195122
124,0.9516129032258064,95.16129032258064
125,0.952,95.2
126,0.9523809523809523,95.23809523809524
127,0.952755905511811,95.2755905511811
128,0.953125,95.3125
129,0.9534883720930233,95.34883720930233
130,0.9538461538461539,95.38461538461539
131,0.9541984732824428,95.41984732824427
132,0.9545454545454546,95.45454545454545
133,0.9548872180451128,95.48872180451127
134,0.9552238805970149,95.5223880597015
135,0.9555555555555555,95.55555555555556
136,0.9558823529411764,95.58823529411765
137,0.9562043795620437,95.62043795620438
138,0.9565217391304347,95.65217391304348
139,0.949640287769784,94.96402877697842
140,0.9499999999999998,95.0
141,0.9503546099290778,95.0354609929078
142,0.9507042253521125,95.07042253521126
143,0.9510489510489509,95.1048951048951
144,0.9513888888888887,95.13888888888889
145,0.9517241379310343,95.17241379310344
146,0.9520547945205478,95.20547945205479
147,0.9523809523809522,95.23809523809524
148,0.9527027027027025,95.27027027027027
149,0.9530201342281878,95.30201342281879
150,0.9533333333333331,95.33333333333333
151,0.95364238410596,95.36423841059603
152,0.9539473684210524,95.39473684210526
153,0.9542483660130717,95.42483660130719
154,0.9545454545454544,95.45454545454545
155,0.9548387096774191,95.48387096774194
156,0.955128205128205,95.51282051282051
157,0.9490445859872609,94.90445859872611
158,0.9493670886075948,94.9367088607595
159,0.9496855345911948,94.96855345911949
160,0.9499999999999998,95.0
161,0.950310559006211,95.03105590062111
162,0.9506172839506171,95.06172839506173
163,0.9509202453987727,95.0920245398773
164,0.9512195121951217,95.1219512195122
165,0.9454545454545452,94.54545454545455
166,0.9457831325301203,94.57831325301204
167,0.9461077844311375,94.61077844311377
168,0.9464285714285712,94.64285714285714
169,0.9467455621301772,94.67455621301775
170,0.9470588235294115,94.70588235294117
171,0.9473684210526313,94.73684210526316
172,0.9476744186046508,94.76744186046511
173,0.9479768786127164,94.79768786127168
174,0.9482758620689652,94.82758620689656
175,0.9485714285714283,94.85714285714286
176,0.9488636363636361,94.88636363636364
177,0.9491525423728812,94.91525423728814
178,0.9494382022471908,94.9438202247191
179,0.9497206703910612,94.97206703910615
180,0.9499999999999997,95.0
181,0.9502762430939223,95.02762430939227
182,0.9505494505494503,95.05494505494505
183,0.9508196721311473,95.08196721311475
184,0.9510869565217388,95.1086956521739
185,0.9513513513513511,95.13513513513513
186,0.9516129032258062,95.16129032258064
187,0.9518716577540104,95.18716577540107
188,0.9521276595744678,95.2127659574468
189,0.9523809523809521,95.23809523809524
190,0.9526315789473682,95.26315789473684
191,0.9528795811518322,95.28795811518324
192,0.9531249999999998,95.3125
193,0.9533678756476682,95.33678756476684
194,0.9536082474226802,95.36082474226804
195,0.9538461538461537,95.38461538461539
196,0.954081632653061,95.40816326530613
197,0.9543147208121825,95.43147208121827
198,0.9545454545454543,95.45454545454545
199,0.9547738693467334,95.47738693467336
200,0.9549999999999997,95.5
201,0.9552238805970147,95.5223880597015
202,0.9554455445544552,95.54455445544555
203,0.9556650246305416,95.56650246305419
204,0.9509803921568625,95.09803921568627
205,0.9512195121951217,95.1219512195122
206,0.9514563106796113,95.14563106796116
207,0.9516908212560383,95.16908212560386
208,0.9519230769230766,95.1923076923077
209,0.9521531100478466,95.2153110047847
210,0.9523809523809521,95.23809523809524
211,0.9526066350710898,95.260663507109
212,0.9528301886792451,95.28301886792453
213,0.953051643192488,95.30516431924883
214,0.953271028037383,95.32710280373831
215,0.9534883720930231,95.34883720930233
216,0.9537037037037035,95.37037037037037
217,0.953917050691244,95.39170506912443
218,0.9495412844036695,94.95412844036697
219,0.9497716894977166,94.9771689497717
220,0.9499999999999997,95.0
221,0.9502262443438911,95.02262443438914
222,0.9504504504504502,95.04504504504504
223,0.9506726457399101,95.06726457399103
224,0.9508928571428569,95.08928571428571
225,0.9511111111111108,95.11111111111111
226,0.9513274336283183,95.13274336283186
227,0.951541850220264,95.15418502202643
228,0.951754385964912,95.17543859649123
229,0.9475982532751089,94.75982532751091
230,0.9478260869565215,94.78260869565217
231,0.9480519480519478,94.8051948051948
232,0.9482758620689653,94.82758620689656
233,0.948497854077253,94.84978540772532
234,0.9487179487179485,94.87179487179488
235,0.9489361702127657,94.8936170212766
236,0.949152542372881,94.91525423728814
237,0.9493670886075947,94.9367088607595
238,0.9495798319327728,94.95798319327731
239,0.9456066945606691,94.56066945606695
240,0.9458333333333331,94.58333333333333
241,0.9460580912863068,94.60580912863071
242,0.9462809917355369,94.62809917355372
243,0.9465020576131684,94.65020576131687
244,0.9467213114754095,94.67213114754098
245,0.9469387755102038,94.6938775510204
246,0.9471544715447151,94.71544715447155
247,0.9433198380566798,94.33198380566802
248,0.9435483870967739,94.35483870967742
249,0.9437751004016062,94.37751004016064
250,0.9399999999999997,94.0
251,0.9402390438247009,94.02390438247012
252,0.9404761904761902,94.04761904761905
253,0.9407114624505927,94.07114624505928
254,0.9409448818897636,94.09448818897638
255,0.9411764705882351,94.11764705882354
256,0.9414062499999998,94.140625
257,0.941634241245136,94.16342412451363
258,0.9418604651162789,94.18604651162791
259,0.9420849420849419,94.2084942084942
260,0.9423076923076921,94.23076923076923
261,0.9425287356321836,94.25287356321839
262,0.9427480916030532,94.27480916030534
263,0.9429657794676803,94.29657794676807
264,0.9431818181818179,94.31818181818181
265,0.943396226415094,94.33962264150944
266,0.9436090225563907,94.3609022556391
267,0.9438202247191009,94.38202247191012
268,0.9440298507462684,94.40298507462687
269,0.9442379182156132,94.42379182156134
270,0.9444444444444443,94.44444444444444
271,0.9446494464944648,94.4649446494465
272,0.9448529411764705,94.48529411764706
273,0.9450549450549449,94.50549450549451
274,0.9452554744525546,94.52554744525547
275,0.9454545454545453,94.54545454545455
276,0.9456521739130433,94.56521739130434
277,0.9458483754512634,94.58483754512635
278,0.9460431654676258,94.60431654676259
279,0.9462365591397849,94.6236559139785
280,0.9464285714285714,94.64285714285714
281,0.9466192170818505,94.66192170818505
282,0.9468085106382979,94.68085106382979
283,0.9469964664310954,94.69964664310955
284,0.9471830985915493,94.71830985915493
285,0.9473684210526315,94.73684210526316
286,0.9475524475524475,94.75524475524476
287,0.9477351916376306,94.77351916376307
288,0.9479166666666666,94.79166666666667
289,0.9480968858131488,94.80968858131487
290,0.9482758620689655,94.82758620689656
291,0.9484536082474226,94.84536082474227
292,0.9486301369863013,94.86301369863014
293,0.9488054607508531,94.88054607508532
294,0.9489795918367346,94.89795918367346
295,0.9491525423728813,94.91525423728814
296,0.9493243243243242,94.93243243243244
297,0.9494949494949494,94.94949494949495
298,0.9496644295302012,94.96644295302013
299,0.9498327759197324,94.98327759197325
300,0.95,95.0
301,0.9501661129568106,95.01661129568106
302,0.9503311258278145,95.03311258278146
303,0.9504950495049505,95.04950495049505
304,0.950657894736842,95.0657894736842
305,0.9508196721311475,95.08196721311475
306,0.9509803921568627,95.09803921568627
307,0.9511400651465798,95.11400651465799
308,0.9512987012987013,95.12987012987013
309,0.9514563106796117,95.14563106796116
310,0.9516129032258065,95.16129032258064
311,0.9517684887459807,95.17684887459806
312,0.951923076923077,95.1923076923077
313,0.952076677316294,95.2076677316294
314,0.9522292993630573,95.22292993630573
315,0.9523809523809524,95.23809523809524
316,0.9525316455696203,95.25316455696202
317,0.9495268138801263,94.95268138801262
318,0.9496855345911951,94.96855345911949
319,0.9498432601880878,94.98432601880877
320,0.9500000000000001,95.0
321,0.9501557632398755,95.01557632398755
322,0.9503105590062113,95.03105590062111
323,0.9504643962848298,95.04643962848297
324,0.9506172839506174,95.06172839506173
325,0.9507692307692309,95.07692307692308
326,0.9509202453987732,95.0920245398773
327,0.9510703363914375,95.10703363914374
328,0.9512195121951221,95.1219512195122
329,0.9513677811550154,95.13677811550151
330,0.9515151515151518,95.15151515151516
331,0.9516616314199399,95.16616314199396
332,0.9518072289156629,95.18072289156626
333,0.9519519519519523,95.1951951951952
334,0.9520958083832338,95.20958083832335
335,0.9522388059701495,95.22388059701493
336,0.9523809523809527,95.23809523809524
337,0.9525222551928786,95.25222551928783
338,0.9526627218934913,95.26627218934911
339,0.9528023598820061,95.28023598820059
340,0.9529411764705884,95.29411764705883
341,0.9530791788856307,95.30791788856305
342,0.953216374269006,95.32163742690058
343,0.9533527696793004,95.33527696793003
344,0.9534883720930234,95.34883720930233
345,0.9536231884057973,95.3623188405797
346,0.9537572254335263,95.3757225433526
347,0.9538904899135449,95.38904899135447
348,0.9540229885057473,95.40229885057471
349,0.9541547277936965,95.41547277936962
350,0.9542857142857145,95.42857142857143
351,0.9544159544159546,95.44159544159544
352,0.9545454545454547,95.45454545454545
353,0.954674220963173,95.46742209631728
354,0.9548022598870058,95.48022598870057
355,0.9549295774647889,95.49295774647888
356,0.9550561797752811,95.50561797752809
357,0.9551820728291319,95.51820728291317
358,0.9553072625698327,95.53072625698324
359,0.955431754874652,95.54317548746518
360,0.9555555555555558,95.55555555555556
361,0.9556786703601111,95.56786703601108
362,0.955801104972376,95.58011049723757
363,0.9559228650137744,95.59228650137742
364,0.9560439560439564,95.6043956043956
365,0.9561643835616442,95.61643835616438
366,0.9562841530054649,95.62841530054645
367,0.9564032697547687,95.64032697547684
368,0.9565217391304351,95.65217391304348
369,0.9566395663956643,95.6639566395664
370,0.9567567567567571,95.67567567567568
371,0.9568733153638818,95.68733153638814
372,0.9569892473118283,95.6989247311828
373,0.9571045576407511,95.71045576407506
374,0.9572192513368988,95.72192513368984
375,0.9573333333333337,95.73333333333333
376,0.9574468085106387,95.74468085106383
377,0.9575596816976131,95.75596816976127
378,0.957671957671958,95.76719576719577
379,0.9577836411609502,95.77836411609499
380,0.9578947368421056,95.78947368421052
381,0.9580052493438324,95.8005249343832
382,0.9581151832460736,95.81151832460733
383,0.9582245430809402,95.822454308094
384,0.9557291666666669,95.57291666666667
385,0.955844155844156,95.58441558441558
386,0.9559585492227981,95.5958549222798
387,0.9560723514211888,95.60723514211887
388,0.9561855670103095,95.61855670103093
389,0.956298200514139,95.62982005141389
390,0.9564102564102567,95.64102564102564
391,0.956521739130435,95.65217391304348
392,0.9566326530612247,95.66326530612245
393,0.9567430025445295,95.67430025445293
394,0.9568527918781728,95.68527918781726
395,0.9569620253164559,95.69620253164557
396,0.9570707070707073,95.70707070707071
397,0.9571788413098239,95.71788413098237
398,0.9572864321608042,95.7286432160804
399,0.9573934837092734,95.73934837092732
400,0.9575000000000001,95.75
401,0.9576059850374066,95.76059850374065
402,0.9577114427860698,95.77114427860697
403,0.957816377171216,95.78163771712158
404,0.9579207920792081,95.79207920792079
405,0.9580246913580249,95.80246913580247
406,0.9581280788177342,95.8128078817734
407,0.9582309582309585,95.82309582309583
408,0.9583333333333336,95.83333333333333
409,0.9584352078239612,95.84352078239608
410,0.958536585365854,95.85365853658537
411,0.958637469586375,95.86374695863746
412,0.9587378640776701,95.87378640776699
413,0.9588377723970947,95.88377723970945
414,0.9589371980676331,95.89371980676329
415,0.9590361445783135,95.90361445783132
416,0.9591346153846156,95.91346153846153
417,0.9592326139088732,95.92326139088729
418,0.9593301435406701,95.93301435406698
419,0.9594272076372318,95.94272076372314
420,0.9595238095238098,95.95238095238095
421,0.9596199524940621,95.96199524940617
422,0.9597156398104268,95.97156398104265
423,0.959810874704492,95.98108747044917
424,0.9599056603773588,95.99056603773585
425,0.9600000000000003,96.0
426,0.9600938967136153,96.0093896713615
427,0.9601873536299769,96.01873536299766
428,0.960280373831776,96.02803738317758
429,0.9603729603729607,96.03729603729603
430,0.9604651162790702,96.04651162790698
431,0.9605568445475642,96.05568445475637
432,0.9606481481481485,96.06481481481481
433,0.960739030023095,96.07390300230946
434,0.9608294930875579,96.08294930875576
435,0.9609195402298853,96.0919540229885
436,0.9610091743119269,96.10091743119266
437,0.9610983981693366,96.10983981693364
438,0.9611872146118724,96.11872146118722
439,0.9612756264236905,96.12756264236901
440,0.9613636363636366,96.13636363636364
441,0.9614512471655332,96.14512471655328
442,0.9615384615384619,96.15384615384616
443,0.9616252821670432,96.16252821670429
444,0.9617117117117121,96.17117117117117
445,0.9617977528089892,96.17977528089888
446,0.9618834080717493,96.18834080717488
447,0.9619686800894859,96.19686800894854
448,0.9620535714285718,96.20535714285714
449,0.9621380846325172,96.21380846325167
450,0.9622222222222226,96.22222222222223
451,0.962305986696231,96.23059866962306
452,0.9623893805309739,96.23893805309734
453,0.9624724061810159,96.24724061810154
454,0.9625550660792956,96.25550660792952
455,0.9626373626373631,96.26373626373626
456,0.9627192982456145,96.2719298245614
457,0.9628008752735234,96.2800875273523
458,0.9628820960698694,96.2882096069869
459,0.9629629629629634,96.29629629629629
460,0.96304347826087,96.30434782608695
461,0.9631236442516273,96.31236442516268
462,0.9632034632034636,96.32034632034632
463,0.9632829373650112,96.32829373650108
464,0.9633620689655177,96.33620689655173
465,0.9634408602150542,96.34408602150538
466,0.9635193133047214,96.3519313304721
467,0.9635974304068526,96.35974304068523
468,0.963675213675214,96.36752136752136
469,0.9637526652452029,96.37526652452026
470,0.9638297872340429,96.38297872340425
471,0.963906581740977,96.39065817409767
472,0.963983050847458,96.39830508474576
473,0.9640591966173365,96.40591966173362
474,0.9641350210970467,96.41350210970464
475,0.9642105263157899,96.42105263157895
476,0.9642857142857146,96.42857142857143
477,0.9643605870020968,96.43605870020964
478,0.964435146443515,96.44351464435147
479,0.9645093945720254,96.45093945720251
480,0.9645833333333337,96.45833333333333
481,0.964656964656965,96.46569646569647
482,0.9647302904564319,96.47302904564316
483,0.9648033126293999,96.48033126293996
484,0.9648760330578515,96.48760330578513
485,0.9649484536082477,96.49484536082474
486,0.9650205761316875,96.50205761316873
487,0.9630390143737169,96.30390143737166
488,0.9631147540983609,96.31147540983606
489,0.96319018404908,96.31901840490798
490,0.9632653061224492,96.3265306122449
491,0.9633401221995929,96.33401221995926
492,0.9634146341463417,96.34146341463415
493,0.9634888438133876,96.34888438133875
494,0.9635627530364375,96.35627530364373
495,0.9636363636363638,96.36363636363636
496,0.9637096774193551,96.37096774193549
497,0.9637826961770626,96.37826961770624
498,0.9638554216867472,96.3855421686747
499,0.963927855711423,96.39278557114228
500,0.9640000000000002,96.4
501,0.9640718562874253,96.40718562874251
502,0.9641434262948209,96.41434262948208
503,0.9642147117296224,96.42147117296223
504,0.9642857142857144,96.42857142857143
505,0.9643564356435644,96.43564356435644
506,0.9644268774703558,96.44268774703558
507,0.9644970414201184,96.44970414201184
508,0.9645669291338583,96.45669291338582
509,0.9646365422396858,96.46365422396856
510,0.9647058823529413,96.47058823529412
511,0.964774951076321,96.4774951076321
512,0.9648437500000001,96.484375
513,0.9649122807017545,96.49122807017544
514,0.9649805447470818,96.49805447470817
515,0.9650485436893205,96.50485436893204
516,0.9651162790697675,96.51162790697674
517,0.965183752417795,96.5183752417795
518,0.9652509652509652,96.52509652509653
519,0.9653179190751444,96.53179190751445
520,0.9653846153846153,96.53846153846153
521,0.965451055662188,96.54510556621881
522,0.9655172413793103,96.55172413793103
523,0.9655831739961759,96.5583173996176
524,0.9656488549618321,96.56488549618321
525,0.9657142857142857,96.57142857142857
526,0.9657794676806084,96.57794676806084
527,0.9658444022770399,96.58444022770398
528,0.965909090909091,96.5909090909091
529,0.9659735349716447,96.59735349716446
530,0.9660377358490567,96.60377358490567
531,0.9661016949152543,96.61016949152543
532,0.9661654135338347,96.61654135338345
533,0.9662288930581614,96.62288930581613
534,0.9662921348314607,96.62921348314607
535,0.9663551401869159,96.6355140186916
536,0.9664179104477613,96.64179104477611
537,0.9664804469273743,96.64804469273743
538,0.966542750929368,96.6542750929368
539,0.9666048237476809,96.6604823747681
540,0.9666666666666667,96.66666666666667
541,0.966728280961183,96.6728280961183
542,0.966789667896679,96.6789667896679
543,0.9668508287292817,96.68508287292818
544,0.9669117647058824,96.69117647058823
545,0.9669724770642202,96.69724770642202
546,0.967032967032967,96.7032967032967
547,0.9670932358318098,96.70932358318099
548,0.9671532846715328,96.71532846715328
549,0.9672131147540983,96.72131147540983
550,0.9672727272727273,96.72727272727273
551,0.9673321234119783,96.73321234119783
552,0.9673913043478262,96.73913043478261
553,0.9674502712477396,96.74502712477396
554,0.9675090252707581,96.75090252707581
555,0.9675675675675676,96.75675675675676
556,0.9676258992805755,96.76258992805755
557,0.9676840215439856,96.76840215439856
558,0.9677419354838709,96.7741935483871
559,0.9677996422182468,96.77996422182468
560,0.9678571428571427,96.78571428571429
561,0.9679144385026737,96.79144385026738
562,0.9679715302491102,96.79715302491103
563,0.9680284191829484,96.80284191829485
564,0.9680851063829786,96.80851063829788
565,0.9681415929203538,96.8141592920354
566,0.9681978798586571,96.81978798586573
567,0.9682539682539681,96.82539682539682
568,0.9683098591549295,96.83098591549296
569,0.9683655536028118,96.8365553602812
570,0.9684210526315788,96.84210526315789
571,0.9684763572679509,96.84763572679509
572,0.9685314685314684,96.85314685314685
573,0.9685863874345548,96.8586387434555
574,0.9686411149825782,96.86411149825784
575,0.9686956521739128,96.8695652173913
576,0.9687499999999998,96.875
577,0.9688041594454071,96.88041594454073
578,0.9688581314878891,96.88581314878893
579,0.9689119170984455,96.89119170984456
580,0.9689655172413792,96.89655172413794
581,0.9690189328743545,96.90189328743546
582,0.9690721649484535,96.90721649484536
583,0.9691252144082332,96.91252144082333
584,0.9691780821917807,96.91780821917808
585,0.9692307692307691,96.92307692307692
586,0.9692832764505118,96.9283276450512
587,0.9693356047700169,96.9335604770017
588,0.9693877551020407,96.93877551020408
589,0.9694397283531407,96.94397283531409
590,0.9694915254237286,96.94915254237289
591,0.9695431472081216,96.95431472081218
592,0.9695945945945944,96.95945945945945
593,0.9696458684654299,96.964586846543
594,0.9696969696969696,96.96969696969697
595,0.9697478991596638,96.97478991596638
596,0.9697986577181207,96.97986577181209
597,0.9698492462311556,96.98492462311557
598,0.9698996655518394,96.98996655518394
599,0.9699499165275458,96.99499165275459
600,0.9699999999999999,97.0
601,0.9700499168053244,97.00499168053244
602,0.9700996677740863,97.00996677740864
603,0.9701492537313432,97.01492537313433
604,0.9701986754966887,97.01986754966887
605,0.9702479338842975,97.02479338842976
606,0.9702970297029703,97.02970297029702
607,0.9703459637561779,97.0345963756178
608,0.9703947368421052,97.03947368421052
609,0.9704433497536945,97.04433497536945
610,0.9704918032786884,97.04918032786885
611,0.9705400981996726,97.05400981996726
612,0.9705882352941175,97.05882352941177
613,0.9706362153344208,97.06362153344209
614,0.9706840390879478,97.06840390879479
615,0.970731707317073,97.07317073170732
616,0.9707792207792206,97.07792207792208
617,0.9708265802269043,97.08265802269044
618,0.9708737864077669,97.0873786407767
619,0.9709208400646202,97.09208400646203
620,0.9709677419354837,97.09677419354838
621,0.9710144927536231,97.10144927536231
622,0.9710610932475883,97.10610932475885
623,0.9711075441412519,97.1107544141252
624,0.971153846153846,97.11538461538461
625,0.9711999999999998,97.12
626,0.9712460063897762,97.12460063897764
627,0.971291866028708,97.12918660287082
628,0.9713375796178343,97.13375796178345
629,0.971383147853736,97.13831478537361
630,0.9714285714285714,97.14285714285714
631,0.971473851030111,97.14738510301109
632,0.9715189873417722,97.15189873417721
633,0.9715639810426541,97.1563981042654
634,0.971608832807571,97.1608832807571
635,0.9716535433070866,97.16535433070867
636,0.9716981132075472,97.16981132075472
637,0.9717425431711146,97.17425431711146
638,0.9717868338557994,97.17868338557994
639,0.971830985915493,97.1830985915493
640,0.971875,97.1875
641,0.9719188767550703,97.19188767550702
642,0.97196261682243,97.19626168224299
643,0.9720062208398135,97.20062208398134
644,0.9720496894409939,97.20496894409938
645,0.972093023255814,97.20930232558139
646,0.9721362229102168,97.21362229102168
647,0.9721792890262753,97.2179289026275
648,0.9722222222222223,97.22222222222223
649,0.9722650231124809,97.22650231124807
650,0.9723076923076924,97.23076923076923
651,0.9723502304147467,97.23502304147465
652,0.97239263803681,97.23926380368098
653,0.972434915773354,97.24349157733538
654,0.9724770642201837,97.24770642201835
655,0.9725190839694658,97.25190839694656
656,0.9725609756097563,97.2560975609756
657,0.9710806697108069,97.10806697108067
658,0.9711246200607905,97.11246200607903
659,0.9711684370257969,97.11684370257967
660,0.9712121212121214,97.12121212121212
661,0.9712556732223905,97.12556732223904
662,0.9712990936555893,97.12990936555892
663,0.9713423831070892,97.1342383107089
664,0.9713855421686749,97.13855421686748
665,0.9714285714285716,97.14285714285714
666,0.9714714714714717,97.14714714714715
667,0.9715142428785609,97.15142428785607
668,0.9715568862275451,97.1556886227545
669,0.9715994020926758,97.15994020926756
670,0.9716417910447763,97.16417910447761
671,0.971684053651267,97.16840536512667
672,0.9717261904761907,97.17261904761905
673,0.971768202080238,97.17682020802377
674,0.9718100890207717,97.18100890207715
675,0.9718518518518521,97.18518518518519
676,0.9718934911242606,97.18934911242603
677,0.9719350073855246,97.19350073855244
678,0.9719764011799412,97.1976401179941
679,0.9720176730486011,97.20176730486008
680,0.972058823529412,97.20588235294117
681,0.9720998531571221,97.20998531571219
682,0.9721407624633434,97.21407624633432
683,0.9721815519765742,97.2181551976574
684,0.9722222222222224,97.22222222222223
685,0.9722627737226279,97.22627737226277
686,0.9723032069970847,97.23032069970846
687,0.9723435225618633,97.23435225618631
688,0.9723837209302327,97.23837209302326
689,0.9724238026124821,97.24238026124819
690,0.9724637681159423,97.2463768115942
691,0.9725036179450075,97.25036179450072
692,0.9725433526011563,97.25433526011561
693,0.9725829725829729,97.25829725829726
694,0.9726224783861674,97.26224783861672
695,0.9726618705035974,97.26618705035972
696,0.9727011494252876,97.27011494252874
697,0.9727403156384508,97.27403156384506
698,0.9727793696275074,97.27793696275072
699,0.9728183118741062,97.28183118741059
700,0.9728571428571432,97.28571428571429
701,0.9728958630527821,97.28958630527818
702,0.9729344729344733,97.29344729344729
703,0.9715504978662878,97.15504978662874
704,0.9715909090909095,97.1590909090909
705,0.9716312056737593,97.16312056737588
706,0.9716713881019834,97.1671388101983
707,0.9717114568599721,97.17114568599717
708,0.9717514124293789,97.17514124293785
709,0.97179125528914,97.17912552891396
710,0.9718309859154933,97.1830985915493
711,0.9718706047819976,97.18706047819971
712,0.9719101123595509,97.19101123595506
713,0.9719495091164099,97.19495091164096
714,0.9719887955182076,97.19887955182072
715,0.9720279720279723,97.2027972027972
716,0.9720670391061456,97.20670391061452
717,0.9721059972106,97.21059972105998
718,0.9721448467966577,97.21448467966574
719,0.9721835883171074,97.2183588317107
720,0.9722222222222225,97.22222222222223
721,0.9722607489597784,97.2260748959778
722,0.9722991689750696,97.22991689750693
723,0.972337482710927,97.23374827109267
724,0.9723756906077351,97.23756906077348
725,0.9724137931034486,97.24137931034483
726,0.9724517906336091,97.24517906336088
727,0.972489683631362,97.24896836313617
728,0.9725274725274727,97.25274725274726
729,0.9725651577503431,97.25651577503429
730,0.9726027397260276,97.26027397260275
731,0.9726402188782493,97.2640218878249
732,0.9726775956284156,97.26775956284153
733,0.9713506139154164,97.13506139154161
734,0.9713896457765671,97.13896457765668
735,0.9714285714285718,97.14285714285714
736,0.9714673913043481,97.14673913043478
737,0.9715061058344643,97.15061058344641
738,0.9715447154471547,97.15447154471545
739,0.9715832205683358,97.15832205683355
740,0.9716216216216218,97.16216216216216
741,0.9716599190283403,97.16599190283401
742,0.9716981132075474,97.16981132075472
743,0.9717362045760433,97.1736204576043
744,0.9717741935483873,97.1774193548387
745,0.971812080536913,97.18120805369128
746,0.9718498659517429,97.18498659517427
747,0.9718875502008035,97.18875502008032
748,0.9719251336898399,97.19251336898395
749,0.9719626168224302,97.19626168224299
750,0.9720000000000003,97.2
751,0.9720372836218378,97.20372836218375
752,0.9720744680851067,97.20744680851064
753,0.9721115537848608,97.21115537848605
754,0.9721485411140586,97.21485411140584
755,0.9721854304635764,97.21854304635761
756,0.9722222222222224,97.22222222222223
757,0.9722589167767506,97.22589167767504
758,0.9722955145118736,97.22955145118733
759,0.972332015810277,97.23320158102767
760,0.9723684210526319,97.23684210526316
761,0.9724047306176087,97.24047306176084
762,0.97244094488189,97.24409448818898
763,0.9724770642201838,97.24770642201835
764,0.9725130890052359,97.25130890052355
765,0.9725490196078435,97.25490196078431
766,0.9725848563968672,97.25848563968668
767,0.9726205997392442,97.26205997392438
768,0.9726562500000003,97.265625
769,0.972691807542263,97.26918075422627
770,0.9727272727272731,97.27272727272727
771,0.9727626459143973,97.27626459143968
772,0.9727979274611404,97.27979274611398
773,0.971539456662355,97.15394566623544
774,0.9715762273901813,97.1576227390181
775,0.971612903225807,97.16129032258064
776,0.971649484536083,97.16494845360825
777,0.9716859716859723,97.16859716859717
778,0.971722365038561,97.17223650385604
779,0.9717586649550712,97.17586649550707
780,0.9717948717948725,97.17948717948718
781,0.9718309859154937,97.1830985915493
782,0.971867007672635,97.18670076726343
783,0.9719029374201795,97.19029374201789
784,0.9719387755102048,97.1938775510204
785,0.9719745222929943,97.19745222929936
786,0.972010178117049,97.20101781170483
787,0.9720457433290985,97.20457433290979
788,0.9720812182741124,97.20812182741116
789,0.9721166032953112,97.21166032953106
790,0.972151898734178,97.21518987341773
791,0.9721871049304684,97.21871049304677
792,0.9722222222222229,97.22222222222223
793,0.9722572509457762,97.22572509457756
794,0.972292191435769,97.22921914357683
795,0.9723270440251579,97.23270440251572
796,0.9723618090452268,97.23618090452261
797,0.9723964868255967,97.2396486825596
798,0.9724310776942362,97.24310776942356
799,0.9724655819774725,97.24655819774718
800,0.9725000000000006,97.25
801,0.9725343320848945,97.25343320848938
802,0.9725685785536166,97.2568578553616
803,0.972602739726028,97.26027397260275
804,0.9726368159203985,97.2636815920398
805,0.9726708074534166,97.26708074534162
806,0.9727047146401989,97.27047146401985
807,0.9727385377943003,97.27385377942998
808,0.9727722772277232,97.27722772277228
809,0.9728059332509275,97.28059332509271
810,0.9728395061728399,97.28395061728395
811,0.9728729963008635,97.28729963008631
812,0.9729064039408871,97.29064039408867
813,0.9729397293972943,97.2939729397294
814,0.9729729729729734,97.29729729729729
815,0.9730061349693255,97.30061349693251
816,0.9730392156862749,97.30392156862744
817,0.9730722154222771,97.30722154222767
818,0.9731051344743281,97.31051344743277
819,0.9731379731379737,97.31379731379731
820,0.9731707317073176,97.3170731707317
821,0.973203410475031,97.32034104750305
822,0.9732360097323607,97.32360097323601
823,0.9732685297691379,97.32685297691373
824,0.973300970873787,97.33009708737865
825,0.9733333333333339,97.33333333333333
826,0.9733656174334147,97.3365617433414
827,0.9733978234582835,97.3397823458283
828,0.9734299516908218,97.34299516908213
829,0.9722557297949342,97.22557297949336
830,0.9722891566265066,97.2289156626506
831,0.9723225030084242,97.23225030084235
832,0.9723557692307698,97.23557692307692
833,0.9723889555822335,97.23889555822329
834,0.9724220623501205,97.24220623501199
835,0.9724550898203599,97.24550898203593
836,0.9724880382775125,97.2488038277512
837,0.9725209080047795,97.2520908004779
838,0.9725536992840101,97.25536992840095
839,0.9725864123957098,97.25864123957092
840,0.9726190476190482,97.26190476190476
841,0.9726516052318673,97.26516052318668
842,0.9726840855106893,97.26840855106889
843,0.972716488730724,97.27164887307237
844,0.9727488151658772,97.27488151658768
845,0.9727810650887578,97.27810650887574
846,0.972813238770686,97.28132387706856
847,0.9728453364817006,97.28453364817001
848,0.9728773584905664,97.2877358490566
849,0.9729093050647825,97.2909305064782
850,0.9729411764705886,97.29411764705883
851,0.9729729729729734,97.29729729729729
852,0.9730046948356811,97.30046948356808
853,0.9730363423212196,97.30363423212192
854,0.9730679156908669,97.30679156908666
855,0.9730994152046788,97.30994152046783
856,0.9731308411214957,97.31308411214954
857,0.9731621936989502,97.31621936989498
858,0.9731934731934736,97.31934731934732
859,0.973224679860303,97.32246798603026
860,0.9732558139534887,97.32558139534883
861,0.9732868757259004,97.32868757259001
862,0.9733178654292347,97.33178654292344
863,0.9733487833140212,97.33487833140208
864,0.97337962962963,97.33796296296296
865,0.9734104046242779,97.34104046242774
866,0.9734411085450351,97.34411085450347
867,0.973471741637832,97.34717416378317
868,0.9735023041474659,97.35023041474655
869,0.9723820483314158,97.23820483314154
870,0.9724137931034487,97.24137931034483
871,0.9724454649827788,97.24454649827784
872,0.9724770642201839,97.24770642201835
873,0.9725085910652925,97.2508591065292
874,0.9725400457665908,97.25400457665904
875,0.972571428571429,97.25714285714285
876,0.9726027397260278,97.26027397260275
877,0.972633979475485,97.26339794754846
878,0.9726651480637817,97.26651480637813
879,0.9726962457337888,97.26962457337883
880,0.9727272727272731,97.27272727272727
881,0.9727582292849039,97.27582292849036
882,0.9727891156462588,97.27891156462584
883,0.9728199320498304,97.28199320498301
884,0.972850678733032,97.28506787330316
885,0.9728813559322037,97.28813559322033
886,0.9729119638826188,97.29119638826185
887,0.9729425028184896,97.29425028184893
888,0.9729729729729732,97.29729729729729
889,0.973003374578178,97.30033745781778
890,0.9730337078651687,97.30337078651685
891,0.9730639730639733,97.3063973063973
892,0.9730941704035877,97.30941704035874
893,0.9731243001119824,97.3124300111982
894,0.9731543624161076,97.31543624161074
895,0.9731843575418997,97.31843575418995
896,0.9732142857142859,97.32142857142857
897,0.9721293199554071,97.21293199554069
898,0.9721603563474389,97.21603563474387
899,0.9721913236929923,97.21913236929922
900,0.9722222222222223,97.22222222222223
901,0.972253052164262,97.2253052164262
902,0.9722838137472285,97.22838137472284
903,0.9723145071982282,97.23145071982282
904,0.9723451327433629,97.23451327433628
905,0.9723756906077349,97.23756906077348
906,0.9724061810154526,97.24061810154525
907,0.9724366041896363,97.24366041896361
908,0.9724669603524231,97.2466960352423
909,0.9724972497249726,97.24972497249725
910,0.9725274725274726,97.25274725274726
911,0.9725576289791439,97.25576289791438
912,0.9725877192982457,97.25877192982456
913,0.9726177437020812,97.2617743702081
914,0.9726477024070024,97.26477024070022
915,0.9726775956284155,97.26775956284153
916,0.9727074235807862,97.2707423580786
917,0.9727371864776447,97.27371864776445
918,0.9727668845315907,97.27668845315904
919,0.9727965179542984,97.27965179542981
920,0.9728260869565221,97.28260869565217
921,0.9728555917481002,97.28555917480999
922,0.9728850325379613,97.2885032537961
923,0.9729144095341282,97.29144095341279
924,0.9729437229437233,97.2943722943723
925,0.9729729729729734,97.29729729729729
926,0.9730021598272142,97.30021598272138
927,0.9730312837108958,97.30312837108954
928,0.9730603448275866,97.30603448275862
929,0.9730893433799789,97.30893433799784
930,0.9731182795698928,97.31182795698925
931,0.9731471535982817,97.31471535982814
932,0.9731759656652363,97.3175965665236
933,0.9732047159699896,97.32047159699893
934,0.9732334047109211,97.32334047109208
935,0.9732620320855618,97.32620320855615
936,0.9732905982905986,97.32905982905983
937,0.9733191035218787,97.33191035218783
938,0.973347547974414,97.33475479744136
939,0.9733759318423859,97.33759318423856
940,0.9734042553191493,97.34042553191489
941,0.9734325185972373,97.3432518597237
942,0.9734607218683655,97.34607218683652
943,0.9734888653234361,97.34888653234358
944,0.9735169491525427,97.35169491525424
945,0.9735449735449739,97.35449735449735
946,0.9735729386892181,97.35729386892177
947,0.9736008447729676,97.36008447729672
948,0.9736286919831227,97.36286919831224
949,0.9736564805057959,97.36564805057955
950,0.9736842105263162,97.36842105263158
951,0.9737118822292328,97.37118822292324
952,0.9737394957983198,97.37394957983193
953,0.9737670514165796,97.37670514165792
954,0.9737945492662478,97.37945492662473
955,0.9738219895287962,97.38219895287958
956,0.9738493723849376,97.38493723849372
957,0.9738766980146294,97.3876698014629
958,0.9739039665970776,97.39039665970772
959,0.9739311783107407,97.39311783107404
960,0.9739583333333337,97.39583333333333
961,0.9739854318418318,97.39854318418314
962,0.9740124740124744,97.4012474012474
963,0.9740394600207688,97.40394600207685
964,0.9740663900414941,97.40663900414938
965,0.974093264248705,97.40932642487047
966,0.9741200828157354,97.4120082815735
967,0.9731127197518101,97.31127197518097
968,0.973140495867769,97.31404958677686
969,0.9731682146542832,97.31682146542828
970,0.9731958762886602,97.31958762886597
971,0.9732234809474772,97.32234809474768
972,0.9732510288065848,97.32510288065843
973,0.9732785200411104,97.327852004111
974,0.9733059548254624,97.3305954825462
975,0.9733333333333337,97.33333333333333
976,0.9733606557377052,97.3360655737705
977,0.9733879222108499,97.33879222108496
978,0.9734151329243358,97.34151329243353
979,0.9724208375893774,97.2420837589377
980,0.9724489795918372,97.24489795918367
981,0.972477064220184,97.24770642201835
982,0.972505091649695,97.25050916496944
983,0.9725330620549344,97.25330620549339
984,0.9725609756097566,97.2560975609756
985,0.9725888324873102,97.25888324873097
986,0.9726166328600411,97.26166328600405
987,0.9726443768996965,97.26443768996961
988,0.9726720647773284,97.2672064777328
989,0.9726996966632967,97.26996966632963
990,0.9727272727272732,97.27272727272727
991,0.9727547931382446,97.27547931382442
992,0.9727822580645166,97.27822580645162
993,0.9728096676737165,97.2809667673716
994,0.9728370221327972,97.28370221327968
995,0.9728643216080406,97.28643216080403
996,0.9728915662650607,97.28915662650603
997,0.9729187562688069,97.29187562688064
998,0.9729458917835676,97.29458917835672
999,0.9729729729729735,97.29729729729729
1000,0.9730000000000005,97.3
1001,0.9730269730269736,97.3026973026973
1002,0.9720558882235535,97.2055888223553
1003,0.9720837487537394,97.20837487537388
1004,0.9711155378486062,97.11155378486056
1005,0.9711442786069657,97.11442786069652
1006,0.9701789264413524,97.01789264413519
1007,0.9702085402184712,97.02085402184707
1008,0.9692460317460323,96.92460317460318
1009,0.9692765113974238,96.92765113974232
1010,0.9683168316831688,96.83168316831683
1011,0.9673590504451044,96.73590504451039
1012,0.9673913043478266,96.73913043478261
1013,0.9664363277393885,96.64363277393879
1014,0.96646942800789,96.64694280078895
1015,0.9665024630541876,96.65024630541872
1016,0.9665354330708665,96.65354330708661
1017,0.9665683382497545,96.65683382497542
1018,0.9666011787819256,96.66011787819254
1019,0.966633954857704,96.66339548577037
1020,0.966666666666667,96.66666666666667
1021,0.9666993143976497,96.66993143976494
1022,0.9667318982387478,96.67318982387475
1023,0.9667644183773219,96.67644183773216
1024,0.9667968750000002,96.6796875
1025,0.9658536585365856,96.58536585365853
1026,0.9658869395711502,96.58869395711501
1027,0.9649464459591043,96.49464459591042
1028,0.9649805447470818,96.49805447470817
1029,0.9650145772594754,96.50145772594752
1030,0.9650485436893206,96.50485436893204
1031,0.9650824442289042,96.5082444228904
1032,0.9651162790697677,96.51162790697674
1033,0.9651500484027108,96.51500484027106
1034,0.9651837524177952,96.5183752417795
1035,0.965217391304348,96.52173913043478
1036,0.9652509652509654,96.52509652509653
1037,0.9652844744455161,96.52844744455159
1038,0.9653179190751447,96.53179190751445
1039,0.9653512993262755,96.53512993262753
1040,0.9653846153846156,96.53846153846153
1041,0.9654178674351588,96.54178674351586
1042,0.9654510556621884,96.54510556621881
1043,0.9654841802492812,96.5484180249281
1044,0.9655172413793106,96.55172413793103
1045,0.96555023923445,96.55502392344498
1046,0.9655831739961762,96.5583173996176
1047,0.9656160458452725,96.56160458452722
1048,0.9656488549618324,96.56488549618321
1049,0.9656816015252625,96.56816015252622
1050,0.9657142857142861,96.57142857142857
1051,0.9657469077069462,96.57469077069457
1052,0.9657794676806087,96.57794676806084
1053,0.9658119658119662,96.58119658119658
1054,0.9658444022770402,96.58444022770398
1055,0.9658767772511851,96.58767772511848
1056,0.9659090909090913,96.5909090909091
1057,0.9659413434247875,96.59413434247871
1058,0.9659735349716451,96.59735349716446
1059,0.96600566572238,96.60056657223797
1060,0.966037735849057,96.60377358490567
1061,0.9660697455230919,96.60697455230914
1062,0.9661016949152547,96.61016949152543
1063,0.9661335841956731,96.61335841956726
1064,0.966165413533835,96.61654135338345
1065,0.9661971830985919,96.61971830985915
1066,0.9662288930581617,96.62288930581613
1067,0.9662605435801316,96.62605435801312
1068,0.966292134831461,96.62921348314607
1069,0.9663236669784849,96.63236669784845
1070,0.9663551401869163,96.6355140186916
1071,0.9663865546218491,96.63865546218487
1072,0.9664179104477615,96.64179104477611
1073,0.9664492078285185,96.64492078285181
1074,0.9664804469273747,96.64804469273743
1075,0.9665116279069771,96.65116279069767
1076,0.9665427509293684,96.6542750929368
1077,0.9665738161559891,96.65738161559888
1078,0.9666048237476812,96.6604823747681
1079,0.9666357738646898,96.66357738646896
1080,0.9666666666666669,96.66666666666667
1081,0.9666975023126737,96.66975023126734
1082,0.9667282809611832,96.6728280961183
1083,0.9667590027700833,96.67590027700831
1084,0.9667896678966792,96.6789667896679
1085,0.9668202764976961,96.68202764976958
1086,0.9659300184162065,96.59300184162062
1087,0.9659613615455385,96.59613615455382
1088,0.9659926470588238,96.59926470588235
1089,0.9660238751147845,96.60238751147843
1090,0.9660550458715599,96.60550458715596
1091,0.9660861594867097,96.60861594867094
1092,0.9661172161172163,96.6117216117216
1093,0.9661482159194879,96.61482159194877
1094,0.9661791590493604,96.61791590493601
1095,0.9662100456621007,96.62100456621005
1096,0.9662408759124089,96.62408759124088
1097,0.9662716499544213,96.62716499544212
1098,0.9663023679417123,96.63023679417122
1099,0.9663330300272976,96.63330300272976
1100,0.9654545454545456,96.54545454545455
1101,0.9654859218891918,96.54859218891916
1102,0.9655172413793105,96.55172413793103
1103,0.9655485040797825,96.55485040797824
1104,0.9655797101449277,96.55797101449275
1105,0.965610859728507,96.56108597285068
1106,0.9656419529837253,96.56419529837251
1107,0.9656729900632341,96.5672990063234
1108,0.9657039711191338,96.57039711191335
1109,0.9657348963029758,96.57348963029756
1110,0.9657657657657659,96.57657657657657
1111,0.965796579657966,96.57965796579659
1112,0.9658273381294965,96.58273381294964
1113,0.9658580413297395,96.58580413297395
1114,0.9658886894075405,96.58886894075404
1115,0.9659192825112108,96.59192825112108
1116,0.9659498207885305,96.59498207885305
1117,0.9659803043867503,96.59803043867502
1118,0.966010733452594,96.6010733452594
1119,0.9660411081322611,96.6041108132261
1120,0.9660714285714287,96.60714285714286
1121,0.9661016949152543,96.61016949152543
1122,0.966131907308378,96.61319073083779
1123,0.9661620658949244,96.61620658949244
1124,0.9661921708185054,96.61921708185054
1125,0.9662222222222223,96.62222222222222
1126,0.966252220248668,96.62522202486679
1127,0.9662821650399291,96.6282165039929
1128,0.9663120567375888,96.63120567375887
1129,0.9663418954827282,96.63418954827281
1130,0.9663716814159293,96.63716814159292
1131,0.9664014146772769,96.64014146772767
1132,0.9664310954063606,96.64310954063605
1133,0.9664607237422773,96.64607237422771
1134,0.9664902998236333,96.64902998236332
1135,0.9665198237885464,96.65198237885463
1136,0.966549295774648,96.65492957746478
1137,0.9665787159190854,96.65787159190853
1138,0.9666080843585239,96.66080843585237
1139,0.9666374012291485,96.66374012291483
1140,0.9666666666666668,96.66666666666667
1141,0.9666958808063104,96.66958808063103
1142,0.9667250437828373,96.67250437828372
1143,0.9667541557305338,96.67541557305337
1144,0.9667832167832169,96.67832167832168
1145,0.9668122270742359,96.68122270742359
1146,0.9668411867364748,96.68411867364748
1147,0.9668700959023541,96.68700959023539
1148,0.9668989547038328,96.68989547038328
1149,0.9669277632724108,96.69277632724108
1150,0.9669565217391305,96.69565217391305
1151,0.9669852302345787,96.69852302345787
1152,0.967013888888889,96.70138888888889
1153,0.9670424978317433,96.70424978317433
1154,0.9670710571923744,96.70710571923743
1155,0.9670995670995671,96.70995670995671
1156,0.967128027681661,96.71280276816609
1157,0.9671564390665515,96.71564390665515
1158,0.9671848013816926,96.71848013816926
1159,0.9672131147540984,96.72131147540983
1160,0.9672413793103449,96.72413793103448
1161,0.9672695951765721,96.72695951765719
1162,0.9672977624784855,96.72977624784853
1163,0.9673258813413588,96.73258813413585
1164,0.9673539518900346,96.73539518900344
1165,0.9673819742489272,96.7381974248927
1166,0.9674099485420242,96.7409948542024
1167,0.9674378748928879,96.74378748928878
1168,0.9666095890410961,96.66095890410959
1169,0.966638152266895,96.66381522668948
1170,0.9666666666666669,96.66666666666667
1171,0.9666951323654998,96.66951323654996
1172,0.9667235494880548,96.67235494880546
1173,0.966751918158568,96.67519181585678
1174,0.966780238500852,96.67802385008518
1175,0.9668085106382981,96.68085106382979
1176,0.9668367346938778,96.68367346938776
1177,0.9668649107901447,96.68649107901444
1178,0.9668930390492363,96.6893039049236
1179,0.9669211195928756,96.69211195928753
1180,0.9669491525423732,96.69491525423729
1181,0.9669771380186286,96.69771380186283
1182,0.9670050761421323,96.7005076142132
1183,0.9670329670329674,96.7032967032967
1184,0.9670608108108112,96.70608108108108
1185,0.9670886075949371,96.70886075949367
1186,0.9662731871838115,96.62731871838112
1187,0.9663016006739683,96.6301600673968
1188,0.9663299663299667,96.63299663299664
1189,0.9663582842724983,96.63582842724979
1190,0.9663865546218491,96.63865546218487
1191,0.9664147774979013,96.6414777497901
1192,0.9664429530201346,96.64429530201342
1193,0.9664710813076282,96.64710813076279
1194,0.9664991624790623,96.64991624790619
1195,0.96652719665272,96.65271966527196
1196,0.9665551839464886,96.65551839464882
1197,0.9665831244778617,96.65831244778613
1198,0.9666110183639403,96.661101836394
1199,0.9666388657214349,96.66388657214345
1200,0.966666666666667,96.66666666666667
1201,0.9666944213155707,96.66944213155703
1202,0.9667221297836942,96.67221297836939
1203,0.9667497921862015,96.67497921862012
1204,0.9667774086378741,96.67774086378738
1205,0.9668049792531124,96.6804979253112
1206,0.9668325041459374,96.6832504145937
1207,0.9668599834299921,96.68599834299917
1208,0.9668874172185434,96.6887417218543
1209,0.9669148056244834,96.6914805624483
1210,0.9661157024793392,96.61157024793388
1211,0.9661436829066891,96.61436829066886
1212,0.9661716171617165,96.61716171617162
1213,0.9661995053586153,96.6199505358615
1214,0.966227347611203,96.62273476112027
1215,0.9662551440329221,96.62551440329219
1216,0.9662828947368424,96.6282894736842
1217,0.9663105998356617,96.63105998356615
1218,0.9663382594417079,96.63382594417077
1219,0.9663658736669403,96.63658736669402
1220,0.966393442622951,96.63934426229508
1221,0.9664209664209666,96.64209664209665
1222,0.9664484451718497,96.64484451718494
1223,0.9664758789861,96.64758789860997
1224,0.9665032679738564,96.65032679738562
1225,0.9665306122448982,96.65306122448979
1226,0.9665579119086463,96.6557911908646
1227,0.9665851670741649,96.65851670741647
1228,0.9666123778501631,96.66123778501628
1229,0.9666395443449961,96.66395443449959
1230,0.9666666666666668,96.66666666666667
1231,0.9666937449228271,96.6693744922827
1232,0.9667207792207794,96.67207792207792
1233,0.9667477696674779,96.67477696674777
1234,0.9667747163695302,96.677471636953
1235,0.9668016194331985,96.68016194331983
1236,0.9668284789644015,96.68284789644012
1237,0.9668552950687148,96.68552950687146
1238,0.9668820678513733,96.68820678513733
1239,0.9669087974172721,96.6908797417272
1240,0.9669354838709678,96.69354838709677
1241,0.9669621273166802,96.69621273166801
1242,0.9669887278582932,96.69887278582931
1243,0.9670152855993565,96.70152855993564
1244,0.9670418006430869,96.70418006430869
1245,0.9670682730923695,96.70682730923694
1246,0.9670947030497593,96.70947030497592
1247,0.9671210906174821,96.7121090617482
1248,0.967147435897436,96.71474358974359
1249,0.9671737389911931,96.7173738991193
1250,0.9672000000000002,96.72
1251,0.9672262190247803,96.72262190247801
1252,0.9664536741214059,96.64536741214057
1253,0.9664804469273744,96.64804469273743
1254,0.966507177033493,96.65071770334929
1255,0.9665338645418329,96.65338645418326
1256,0.9665605095541403,96.65605095541402
1257,0.9665871121718379,96.65871121718376
1258,0.9666136724960256,96.66136724960255
1259,0.9666401906274823,96.66401906274821
1260,0.9666666666666668,96.66666666666667
1261,0.9666931007137194,96.66931007137192
1262,0.9667194928684629,96.67194928684627
1263,0.966745843230404,96.67458432304038
1264,0.9667721518987344,96.67721518987342
1265,0.9667984189723323,96.6798418972332
1266,0.9668246445497634,96.6824644549763
1267,0.9668508287292821,96.68508287292818
1268,0.9668769716088331,96.68769716088327
1269,0.9669030732860523,96.6903073286052
1270,0.966929133858268,96.69291338582677
1271,0.9669551534225022,96.6955153422502
1272,0.9669811320754719,96.69811320754717
1273,0.9670070699135901,96.700706991359
1274,0.9670329670329672,96.7032967032967
1275,0.9670588235294119,96.70588235294117
1276,0.9670846394984327,96.70846394984326
1277,0.967110415035239,96.71104150352389
1278,0.967136150234742,96.71361502347418
1279,0.9671618451915561,96.71618451915559
1280,0.9671875000000002,96.71875
1281,0.9672131147540985,96.72131147540983
1282,0.9672386895475821,96.72386895475819
1283,0.9672642244738895,96.72642244738893
1284,0.9672897196261684,96.72897196261682
1285,0.9673151750972764,96.73151750972762
1286,0.9673405909797824,96.73405909797823
1287,0.9673659673659675,96.73659673659674
1288,0.9673913043478262,96.73913043478261
1289,0.9674166020170676,96.74166020170675
1290,0.9674418604651164,96.74418604651163
1291,0.967467079783114,96.74670797831139
1292,0.9674922600619196,96.74922600619195
1293,0.9675174013921114,96.75174013921114
1294,0.9675425038639877,96.75425038639877
1295,0.9675675675675676,96.75675675675676
1296,0.9675925925925926,96.75925925925925
1297,0.9676175790285273,96.76175790285274
1298,0.9676425269645608,96.76425269645608
1299,0.9676674364896073,96.76674364896074
1300,0.9676923076923076,96.76923076923077
1301,0.9677171406610299,96.771714066103
1302,0.9677419354838709,96.7741935483871
1303,0.9677666922486569,96.7766692248657
1304,0.9677914110429447,96.77914110429448
1305,0.967816091954023,96.7816091954023
1306,0.9678407350689127,96.78407350689127
1307,0.9678653404743688,96.78653404743687
1308,0.9678899082568807,96.78899082568807
1309,0.9679144385026738,96.79144385026738
1310,0.9679389312977099,96.79389312977099
1311,0.9679633867276888,96.79633867276888
1312,0.9679878048780488,96.79878048780488
1313,0.9680121858339681,96.8012185833968
1314,0.9680365296803654,96.80365296803653
1315,0.9680608365019012,96.80608365019012
1316,0.9680851063829788,96.80851063829788
1317,0.968109339407745,96.81093394077449
1318,0.9681335356600912,96.8133535660091
1319,0.9681576952236545,96.81576952236543
1320,0.9681818181818184,96.81818181818181
1321,0.968205904617714,96.82059046177139
1322,0.9682299546142211,96.82299546142208
1323,0.9682539682539685,96.82539682539682
1324,0.9682779456193356,96.82779456193353
1325,0.968301886792453,96.83018867924528
1326,0.9683257918552037,96.83257918552036
1327,0.9683496608892239,96.83496608892239
1328,0.9683734939759037,96.83734939759036
1329,0.9683972911963883,96.83972911963883
1330,0.968421052631579,96.84210526315789
1331,0.9684447783621337,96.84447783621337
1332,0.9684684684684685,96.84684684684684
1333,0.9684921230307577,96.84921230307577
1334,0.9685157421289355,96.85157421289355
1335,0.9685393258426966,96.85393258426966
1336,0.968562874251497,96.8562874251497
1337,0.9685863874345549,96.8586387434555
1338,0.968609865470852,96.8609865470852
1339,0.9686333084391338,96.86333084391337
1340,0.9686567164179105,96.86567164179104
1341,0.9686800894854587,96.86800894854586
1342,0.9687034277198212,96.87034277198211
1343,0.9687267311988087,96.87267311988086
1344,0.9687500000000001,96.875
1345,0.9687732342007436,96.87732342007435
1346,0.9687964338781576,96.87964338781575
1347,0.9688195991091315,96.88195991091314
1348,0.9688427299703265,96.88427299703264
1349,0.9688658265381765,96.88658265381764
1350,0.968888888888889,96.88888888888889
1351,0.9689119170984457,96.89119170984456
1352,0.9689349112426037,96.89349112426035
1353,0.9689578713968959,96.89578713968957
1354,0.9689807976366324,96.89807976366322
1355,0.9690036900369006,96.90036900369003
1356,0.9690265486725665,96.90265486725664
1357,0.9690493736182758,96.90493736182756
1358,0.9690721649484538,96.90721649484536
1359,0.969094922737307,96.90949227373068
1360,0.9691176470588238,96.91176470588235
1361,0.9691403379867747,96.91403379867744
1362,0.9691629955947139,96.91629955947137
1363,0.9691856199559796,96.91856199559794
1364,0.9692082111436952,96.9208211143695
1365,0.9692307692307693,96.92307692307692
1366,0.9692532942898976,96.92532942898976
1367,0.9692757863935626,96.92757863935626
1368,0.9692982456140351,96.9298245614035
1369,0.9693206720233748,96.93206720233748
1370,0.9693430656934308,96.93430656934306
1371,0.9693654266958426,96.93654266958424
1372,0.9693877551020409,96.93877551020408
1373,0.9694100509832484,96.94100509832484
1374,0.9694323144104804,96.94323144104804
1375,0.9694545454545455,96.94545454545455
1376,0.9694767441860466,96.94767441860465
1377,0.9694989106753813,96.94989106753813
1378,0.9695210449927432,96.95210449927431
1379,0.9695431472081218,96.95431472081218
1380,0.9695652173913044,96.95652173913044
1381,0.9695872556118755,96.95872556118755
1382,0.9696092619392186,96.96092619392185
1383,0.9696312364425164,96.96312364425162
1384,0.9696531791907516,96.96531791907515
1385,0.9696750902527077,96.96750902527076
1386,0.9696969696969698,96.96969696969697
1387,0.9697188175919251,96.9718817591925
1388,0.9697406340057638,96.97406340057637
1389,0.9697624190064796,96.97624190064795
1390,0.9697841726618707,96.97841726618705
1391,0.9698058950395401,96.980589503954
1392,0.9698275862068967,96.98275862068965
1393,0.9698492462311559,96.98492462311557
1394,0.9698708751793401,96.987087517934
1395,0.9698924731182796,96.98924731182795
1396,0.9699140401146132,96.99140401146131
1397,0.9699355762347889,96.99355762347888
1398,0.9699570815450644,96.99570815450643
1399,0.9699785561115083,96.99785561115083
1400,0.9700000000000001,97.0
1401,0.9700214132762314,97.00214132762312
1402,0.9700427960057062,97.00427960057061
1403,0.9700641482537421,97.0064148253742
1404,0.9700854700854702,97.00854700854701
1405,0.9701067615658364,97.01067615658363
1406,0.9701280227596019,97.01280227596017
1407,0.9701492537313434,97.01492537313433
1408,0.9701704545454547,97.01704545454545
1409,0.9701916252661463,97.01916252661462
1410,0.970212765957447,97.02127659574468
1411,0.9702338766832036,97.02338766832034
1412,0.9702549575070823,97.02549575070822
1413,0.9702760084925692,97.0276008492569
1414,0.9702970297029705,97.02970297029702
1415,0.9703180212014136,97.03180212014134
1416,0.9703389830508476,97.03389830508475
1417,0.970359915314044,97.03599153140438
1418,0.9703808180535969,97.03808180535967
1419,0.9704016913319241,97.04016913319239
1420,0.9697183098591552,96.97183098591549
1421,0.9697396199859256,96.97396199859254
1422,0.9697609001406472,96.9760900140647
1423,0.9697821503865076,96.97821503865073
1424,0.9698033707865171,96.98033707865169
1425,0.969824561403509,96.98245614035088
1426,0.9698457223001405,96.98457223001402
1427,0.9698668535388931,96.98668535388927
1428,0.9698879551820732,96.98879551820728
1429,0.9699090272918128,96.99090272918124
1430,0.9699300699300704,96.99300699300699
1431,0.9699510831586308,96.99510831586304
1432,0.9699720670391065,96.99720670391062
1433,0.9699930216329383,96.99930216329379
1434,0.9700139470013951,97.00139470013947
1435,0.9700348432055753,97.00348432055749
1436,0.9700557103064071,97.00557103064067
1437,0.9700765483646491,97.00765483646485
1438,0.9700973574408907,97.00973574408901
1439,0.970118137595553,97.01181375955525
1440,0.9701388888888894,97.01388888888889
1441,0.9701596113809859,97.01596113809855
1442,0.970180305131762,97.01803051317614
1443,0.9702009702009707,97.02009702009703
1444,0.9702216066482,97.02216066481995
1445,0.9702422145328725,97.0242214532872
1446,0.9702627939142467,97.02627939142462
1447,0.9702833448514173,97.02833448514167
1448,0.9703038674033155,97.0303867403315
1449,0.97032436162871,97.03243616287095
1450,0.9703448275862075,97.03448275862068
1451,0.9703652653342529,97.03652653342522
1452,0.9703856749311301,97.03856749311295
1453,0.9704060564349628,97.04060564349622
1454,0.9704264099037145,97.0426409903714
1455,0.9704467353951897,97.0446735395189
1456,0.9704670329670336,97.0467032967033
1457,0.9704873026767337,97.0487302676733
1458,0.9705075445816193,97.05075445816186
1459,0.9705277587388629,97.05277587388622
1460,0.97054794520548,97.05479452054794
1461,0.9705681040383305,97.056810403833
1462,0.9705882352941182,97.05882352941177
1463,0.9706083390293923,97.06083390293917
1464,0.970628415300547,97.06284153005464
1465,0.9706484641638231,97.06484641638225
1466,0.9706684856753075,97.0668485675307
1467,0.9706884798909344,97.06884798909338
1468,0.9707084468664856,97.0708446866485
1469,0.9707283866575908,97.07283866575902
1470,0.9707482993197285,97.07482993197279
1471,0.9707681849082264,97.07681849082257
1472,0.9707880434782615,97.0788043478261
1473,0.9708078750848614,97.08078750848608
1474,0.9708276797829043,97.08276797829036
1475,0.9708474576271193,97.08474576271186
1476,0.9708672086720874,97.08672086720867
1477,0.9708869329722417,97.0886932972241
1478,0.9709066305818681,97.09066305818673
1479,0.9709263015551055,97.09263015551048
1480,0.9709459459459466,97.0945945945946
1481,0.9709655638082384,97.09655638082377
1482,0.9709851551956822,97.09851551956815
1483,0.9710047201618348,97.10047201618342
1484,0.9710242587601086,97.10242587601078
1485,0.9710437710437718,97.10437710437711
1486,0.9710632570659496,97.10632570659489
1487,0.9710827168796242,97.10827168796234
1488,0.9711021505376353,97.11021505376344
1489,0.9711215580926805,97.11215580926796
1490,0.9711409395973163,97.11409395973155
1491,0.971160295103958,97.1160295103957
1492,0.970509383378017,97.05093833780161
1493,0.9705291359678508,97.05291359678499
1494,0.970548862115128,97.05488621151272
1495,0.9705685618729105,97.05685618729098
1496,0.9705882352941184,97.05882352941177
1497,0.9706078824315305,97.06078824315297
1498,0.9706275033377845,97.06275033377837
1499,0.9706470980653776,97.06470980653769
1500,0.9706666666666673,97.06666666666666
1501,0.9706862091938714,97.06862091938707
1502,0.9707057256990685,97.07057256990679
1503,0.9707252162341989,97.07252162341983
1504,0.9707446808510645,97.07446808510639
1505,0.9707641196013296,97.07641196013289
1506,0.9707835325365213,97.07835325365205
1507,0.9708029197080299,97.08029197080292
1508,0.9708222811671094,97.08222811671088
1509,0.9701789264413526,97.01789264413519
1510,0.9701986754966895,97.01986754966887
1511,0.9702183984116487,97.02183984116479
1512,0.970238095238096,97.02380952380952
1513,0.9702577660277601,97.02577660277595
1514,0.9702774108322332,97.02774108322325
1515,0.9702970297029709,97.02970297029702
1516,0.9703166226912935,97.03166226912928
1517,0.9703361898483855,97.0336189848385
1518,0.9703557312252971,97.03557312252964
1519,0.9703752468729433,97.03752468729428
1520,0.9703947368421059,97.03947368421052
1521,0.9704142011834326,97.0414201183432
1522,0.9704336399474383,97.04336399474376
1523,0.9704530531845049,97.04530531845043
1524,0.9704724409448825,97.04724409448819
1525,0.9704918032786891,97.04918032786885
1526,0.9705111402359115,97.05111402359108
1527,0.9705304518664053,97.05304518664047
1528,0.9705497382198959,97.05497382198953
1529,0.9705689993459784,97.05689993459778
1530,0.9705882352941183,97.05882352941177
1531,0.9706074461136519,97.06074461136512
1532,0.9706266318537866,97.0626631853786
1533,0.9706457925636015,97.06457925636008
1534,0.9706649282920476,97.06649282920469
1535,0.9706840390879486,97.06840390879479
1536,0.9707031250000008,97.0703125
1537,0.9707221860767737,97.0722186076773
1538,0.9707412223667108,97.074122236671
1539,0.9707602339181294,97.07602339181287
1540,0.9707792207792215,97.07792207792208
1541,0.970798182998054,97.07981829980532
1542,0.9708171206225689,97.08171206225681
1543,0.970836033700584,97.08360337005833
1544,0.9702072538860111,97.02072538860104
1545,0.9702265372168293,97.02265372168284
1546,0.9702457956015532,97.02457956015525
1547,0.9702650290885593,97.02650290885585
1548,0.970284237726099,97.02842377260981
1549,0.970303421562299,97.03034215622982
1550,0.970322580645162,97.03225806451613
1551,0.9703417150225667,97.03417150225661
1552,0.9703608247422687,97.0360824742268
1553,0.9703799098519003,97.03799098518995
1554,0.9703989703989712,97.03989703989704
1555,0.970418006430869,97.04180064308682
1556,0.9704370179948594,97.04370179948586
1557,0.9704560051380868,97.04560051380861
1558,0.9704749679075746,97.04749679075738
1559,0.9704939063502253,97.04939063502245
1560,0.9705128205128213,97.05128205128206
1561,0.9705317104420251,97.05317104420243
1562,0.9705505761843798,97.0550576184379
1563,0.9705694177863091,97.05694177863084
1564,0.9705882352941184,97.05882352941177
1565,0.9706070287539944,97.06070287539936
1566,0.9706257982120059,97.06257982120052
1567,0.9706445437141041,97.06445437141033
1568,0.9706632653061232,97.06632653061224
1569,0.9706819630337803,97.06819630337795
1570,0.9707006369426759,97.07006369426752
1571,0.9707192870782949,97.07192870782941
1572,0.9707379134860059,97.07379134860051
1573,0.9707565162110625,97.07565162110616
1574,0.9707750952986032,97.07750952986022
1575,0.9707936507936517,97.07936507936508
1576,0.9708121827411176,97.08121827411168
1577,0.9708306911857967,97.08306911857959
1578,0.970849176172371,97.08491761723701
1579,0.9708676377454094,97.08676377454084
1580,0.970886075949368,97.0886075949367
1581,0.9709044908285904,97.09044908285895
1582,0.9709228824273082,97.09228824273072
1583,0.9709412507896409,97.094125078964
1584,0.9709595959595969,97.0959595959596
1585,0.9709779179810735,97.09779179810725
1586,0.9709962168978572,97.09962168978562
1587,0.9710144927536242,97.10144927536231
1588,0.9710327455919405,97.10327455919395
1589,0.9710509754562627,97.10509754562618
1590,0.971069182389938,97.10691823899371
1591,0.9710873664362045,97.10873664362036
1592,0.9711055276381918,97.1105527638191
1593,0.9711236660389211,97.11236660389203
1594,0.9705144291091602,97.05144291091594
1595,0.9705329153605025,97.05329153605015
1596,0.9699248120300761,96.99248120300751
1597,0.9699436443331255,96.99436443331246
1598,0.9699624530663338,96.9962453066333
1599,0.969981238273922,96.99812382739212
1600,0.9700000000000009,97.0
1601,0.9700187382885705,97.00187382885696
1602,0.9700374531835215,97.00374531835206
1603,0.9700561447286348,97.00561447286339
1604,0.970074812967582,97.0074812967581
1605,0.9700934579439262,97.00934579439253
1606,0.9701120797011218,97.01120797011208
1607,0.9695084007467341,96.95084007467331
1608,0.9695273631840806,96.95273631840796
1609,0.9695463020509644,96.95463020509634
1610,0.9695652173913054,96.95652173913044
1611,0.9695841092489148,96.95841092489137
1612,0.9696029776674949,96.96029776674938
1613,0.9696218226906397,96.96218226906386
1614,0.9696406443618351,96.96406443618339
1615,0.9696594427244594,96.96594427244582
1616,0.9696782178217833,96.96782178217822
1617,0.9696969696969708,96.96969696969697
1618,0.969715698393079,96.97156983930779
1619,0.9697344039530585,96.97344039530574
1620,0.9697530864197542,96.9753086419753
1621,0.9697717458359049,96.97717458359038
1622,0.9697903822441442,96.97903822441431
1623,0.9698089956870005,96.98089956869994
1624,0.9698275862068977,96.98275862068965
1625,0.969846153846155,96.98461538461538
1626,0.9698646986469877,96.98646986469865
1627,0.969883220651507,96.98832206515058
1628,0.969901719901721,96.99017199017199
1629,0.9699201964395345,96.99201964395334
1630,0.9699386503067495,96.99386503067484
1631,0.9699570815450654,96.99570815450643
1632,0.9699754901960795,96.99754901960785
1633,0.9699938763012871,96.9993876301286
1634,0.9700122399020819,97.00122399020808
1635,0.9700305810397564,97.00305810397553
1636,0.9700488997555022,97.00488997555013
1637,0.9700671960904103,97.00671960904093
1638,0.9700854700854711,97.00854700854701
1639,0.9701037217815751,97.01037217815741
1640,0.9701219512195132,97.01219512195122
1641,0.9701401584399766,97.01401584399757
1642,0.9701583434835576,97.01583434835567
1643,0.9701765063907496,97.01765063907486
1644,0.9701946472019475,97.01946472019465
1645,0.9702127659574478,97.02127659574468
1646,0.9702308626974493,97.02308626974484
1647,0.9702489374620531,97.02489374620522
1648,0.9702669902912631,97.02669902912622
1649,0.9702850212249857,97.02850212249848
1650,0.9703030303030312,97.03030303030303
1651,0.970321017565113,97.03210175651121
1652,0.9703389830508484,97.03389830508475
1653,0.9703569267997589,97.0356926799758
1654,0.9703748488512706,97.03748488512697
1655,0.9703927492447139,97.0392749244713
1656,0.9704106280193245,97.04106280193237
1657,0.9704284852142435,97.04284852142426
1658,0.9704463208685172,97.04463208685164
1659,0.970464135021098,97.0464135021097
1660,0.9704819277108443,97.04819277108433
1661,0.9704996989765211,97.04996989765202
1662,0.9705174488568,97.05174488567991
1663,0.9705351773902595,97.05351773902586
1664,0.9705528846153856,97.05528846153847
1665,0.9705705705705715,97.05705705705705
1666,0.9705882352941185,97.05882352941177
1667,0.970605878824236,97.06058788242352
1668,0.9706235011990416,97.06235011990408
1669,0.9706411024565617,97.06411024565608
1670,0.9706586826347314,97.06586826347305
1671,0.9706762417713952,97.06762417713944
1672,0.970693779904307,97.06937799043062
1673,0.9707112970711306,97.07112970711297
1674,0.9707287933094393,97.07287933094385
1675,0.9707462686567172,97.07462686567165
1676,0.9707637231503587,97.0763723150358
1677,0.9707811568276692,97.07811568276685
1678,0.9707985697258649,97.07985697258641
1679,0.9708159618820734,97.08159618820727
1680,0.9708333333333341,97.08333333333333
1681,0.970850684116598,97.08506841165972
1682,0.9708680142687285,97.08680142687277
1683,0.9708853238265011,97.08853238265003
1684,0.9709026128266041,97.09026128266034
1685,0.9709198813056387,97.09198813056379
1686,0.9709371293001193,97.09371293001186
1687,0.9709543568464737,97.0954356846473
1688,0.9709715639810433,97.09715639810426
1689,0.9709887507400836,97.09887507400829
1690,0.971005917159764,97.10059171597634
1691,0.9710230632761687,97.1023063276168
1692,0.9710401891252963,97.10401891252955
1693,0.9710572947430605,97.10572947430596
1694,0.97107438016529,97.10743801652893
1695,0.9710914454277294,97.10914454277287
1696,0.9711084905660385,97.11084905660377
1697,0.9711255156157934,97.11255156157925
1698,0.9711425206124861,97.11425206124852
1699,0.9711595055915252,97.11595055915244
1700,0.9711764705882361,97.11764705882354
1701,0.9711934156378609,97.11934156378601
1702,0.971210340775559,97.12103407755582
1703,0.9712272460364072,97.12272460364063
1704,0.9712441314553999,97.1244131455399
1705,0.9706744868035199,97.0674486803519
1706,0.9706916764361087,97.06916764361078
1707,0.9707088459285304,97.07088459285296
1708,0.97072599531616,97.07259953161592
1709,0.9707431246342898,97.07431246342891
1710,0.9707602339181294,97.07602339181287
1711,0.9707773232028061,97.07773232028053
1712,0.9707943925233652,97.07943925233644
1713,0.9708114419147701,97.08114419147694
1714,0.9708284714119026,97.0828471411902
1715,0.9708454810495634,97.08454810495627
1716,0.9708624708624716,97.08624708624708
1717,0.9708794408852657,97.0879440885265
1718,0.9708963911525036,97.08963911525029
1719,0.9709133216986627,97.0913321698662
1720,0.9709302325581403,97.09302325581395
1721,0.9709471237652535,97.09471237652528
1722,0.9703832752613247,97.0383275261324
1723,0.9704004643064429,97.04004643064422
1724,0.9704176334106734,97.04176334106728
1725,0.9704347826086962,97.04347826086956
1726,0.9704519119351106,97.045191193511
1727,0.9704690214244359,97.04690214244354
1728,0.9704861111111116,97.04861111111111
1729,0.9705031810294973,97.05031810294969
1730,0.9705202312138733,97.05202312138728
1731,0.9705372616984407,97.05372616984403
1732,0.9705542725173215,97.0554272517321
1733,0.970571263704559,97.05712637045586
1734,0.9705882352941181,97.05882352941177
1735,0.9706051873198852,97.06051873198847
1736,0.9706221198156687,97.06221198156682
1737,0.9706390328151991,97.06390328151986
1738,0.9706559263521294,97.0655926352129
1739,0.970672800460035,97.06728004600345
1740,0.9706896551724143,97.06896551724138
1741,0.9707064905226886,97.0706490522688
1742,0.9707233065442026,97.07233065442021
1743,0.9707401032702243,97.07401032702238
1744,0.9707568807339455,97.0756880733945
1745,0.9707736389684819,97.07736389684814
1746,0.9707903780068734,97.07903780068729
1747,0.9708070978820841,97.08070978820835
1748,0.9708237986270027,97.08237986270022
1749,0.970840480274443,97.08404802744425
1750,0.9708571428571433,97.08571428571429
1751,0.9708737864077674,97.0873786407767
1752,0.9708904109589046,97.08904109589041
1753,0.9709070165430695,97.0907016543069
1754,0.9709236031927029,97.09236031927024
1755,0.9709401709401714,97.09401709401709
1756,0.9709567198177681,97.09567198177676
1757,0.9709732498577125,97.0973249857712
1758,0.9709897610921506,97.09897610921502
1759,0.9710062535531556,97.10062535531551
1760,0.9710227272727276,97.10227272727273
1761,0.9710391822827943,97.10391822827938
1762,0.9710556186152104,97.105561861521
1763,0.9710720363017588,97.10720363017583
1764,0.97108843537415,97.10884353741497
1765,0.971104815864023,97.11048158640227
1766,0.9711211778029448,97.11211778029445
1767,0.9711375212224111,97.11375212224108
1768,0.970588235294118,97.05882352941177
1769,0.9706048615036748,97.06048615036744
1770,0.970621468926554,97.06214689265536
1771,0.9706380575945797,97.06380575945794
1772,0.9706546275395037,97.06546275395034
1773,0.9706711787930066,97.06711787930062
1774,0.9706877113866971,97.06877113866967
1775,0.970704225352113,97.07042253521126
1776,0.970720720720721,97.07207207207207
1777,0.970737197523917,97.07371975239167
1778,0.9707536557930261,97.07536557930258
1779,0.9707700955593032,97.0770095559303
1780,0.9707865168539328,97.07865168539325
1781,0.9708029197080295,97.08029197080292
1782,0.9708193041526377,97.08193041526376
1783,0.9708356702187327,97.08356702187325
1784,0.97085201793722,97.08520179372198
1785,0.9708683473389358,97.08683473389355
1786,0.9708846584546474,97.08846584546473
1787,0.9709009513150534,97.09009513150532
1788,0.9703579418344521,97.03579418344519
1789,0.9703745108999443,97.0374510899944
1790,0.9703910614525142,97.0391061452514
1791,0.9704075935231716,97.04075935231714
1792,0.9704241071428573,97.04241071428571
1793,0.970440602342443,97.04406023424428
1794,0.9704570791527315,97.04570791527313
1795,0.970473537604457,97.04735376044569
1796,0.9704899777282853,97.04899777282851
1797,0.9705063995548138,97.05063995548136
1798,0.970522803114572,97.05228031145718
1799,0.9705391884380213,97.05391884380211
1800,0.9700000000000002,97.0
1801,0.9700166574125488,97.00166574125485
1802,0.9700332963374031,97.0033296337403
1803,0.9700499168053247,97.00499168053244
1804,0.9700665188470069,97.00665188470066
1805,0.9700831024930751,97.00831024930748
1806,0.9700996677740866,97.00996677740864
1807,0.9701162147205316,97.01162147205312
1808,0.9701327433628322,97.01327433628319
1809,0.9701492537313436,97.01492537313433
1810,0.970165745856354,97.01657458563535
1811,0.9701822197680843,97.01822197680839
1812,0.970198675496689,97.01986754966887
1813,0.9702151130722563,97.0215113072256
1814,0.9702315325248074,97.02315325248071
1815,0.9702479338842979,97.02479338842976
1816,0.9702643171806171,97.02643171806167
1817,0.9702806824435887,97.02806824435883
1818,0.9702970297029706,97.02970297029702
1819,0.9703133589884555,97.03133589884553
1820,0.9703296703296707,97.03296703296704
1821,0.9703459637561782,97.0345963756178
1822,0.9703622392974756,97.03622392974754
1823,0.9703784969829953,97.03784969829951
1824,0.9703947368421054,97.03947368421052
1825,0.9704109589041098,97.04109589041096
1826,0.9704271631982477,97.04271631982475
1827,0.9704433497536947,97.04433497536945
1828,0.9704595185995625,97.04595185995623
1829,0.970475669764899,97.04756697648989
1830,0.9704918032786887,97.04918032786885
1831,0.9705079191698527,97.05079191698525
1832,0.970524017467249,97.0524017467249
1833,0.9705400981996728,97.05400981996726
1834,0.9705561613958562,97.05561613958561
1835,0.9705722070844688,97.05722070844686
1836,0.9705882352941178,97.05882352941177
1837,0.9706042460533479,97.06042460533479
1838,0.9706202393906421,97.0620239390642
1839,0.970636215334421,97.06362153344209
1840,0.9706521739130436,97.06521739130434
1841,0.9706681151548073,97.06681151548072
1842,0.9706840390879481,97.06840390879479
1843,0.9706999457406404,97.06999457406403
1844,0.970715835140998,97.07158351409979
1845,0.9707317073170734,97.07317073170732
1846,0.9707475622968582,97.0747562296858
1847,0.9707634001082839,97.07634001082837
1848,0.970779220779221,97.07792207792208
1849,0.9707950243374799,97.07950243374798
1850,0.970810810810811,97.08108108108108
1851,0.9708265802269046,97.08265802269044
1852,0.9708423326133911,97.0842332613391
1853,0.9708580679978416,97.08580679978414
1854,0.9708737864077672,97.0873786407767
1855,0.9708894878706201,97.088948787062
1856,0.9709051724137933,97.09051724137932
1857,0.9709208400646205,97.09208400646203
1858,0.9709364908503769,97.09364908503767
1859,0.9709521247982789,97.09521247982786
1860,0.9709677419354841,97.09677419354838
1861,0.9709833422890921,97.0983342289092
1862,0.9709989258861441,97.0998925886144
1863,0.9710144927536234,97.10144927536231
1864,0.9710300429184552,97.1030042918455
1865,0.971045576407507,97.10455764075067
1866,0.9710610932475887,97.10610932475885
1867,0.9710765934654529,97.10765934654526
1868,0.9710920770877948,97.10920770877944
1869,0.9711075441412523,97.1107544141252
1870,0.9711229946524067,97.11229946524064
1871,0.9711384286477822,97.11384286477819
1872,0.9711538461538465,97.11538461538461
1873,0.9711692471970105,97.11692471970102
1874,0.9711846318036289,97.11846318036287
1875,0.9712000000000003,97.12
1876,0.9712153518123671,97.12153518123668
1877,0.9712306872669156,97.12306872669153
1878,0.9712460063897767,97.12460063897764
1879,0.9712613092070254,97.12613092070251
1880,0.9712765957446812,97.12765957446808
1881,0.9712918660287084,97.12918660287082
1882,0.9713071200850162,97.13071200850159
1883,0.9713223579394585,97.13223579394582
1884,0.9713375796178346,97.13375796178345
1885,0.9713527851458889,97.13527851458886
1886,0.971367974549311,97.13679745493107
1887,0.9713831478537364,97.13831478537361
1888,0.971398305084746,97.13983050847457
1889,0.9714134462678669,97.14134462678666
1890,0.9714285714285716,97.14285714285714
1891,0.9714436805922795,97.14436805922792
1892,0.9714587737843554,97.14587737843551
1893,0.9714738510301112,97.14738510301109
1894,0.971488912354805,97.14889123548046
1895,0.9715039577836415,97.15039577836411
1896,0.9715189873417726,97.15189873417721
1897,0.9715340010542967,97.15340010542963
1898,0.9715489989462596,97.15489989462593
1899,0.9715639810426544,97.1563981042654
1900,0.9715789473684214,97.15789473684211
1901,0.9715938979484485,97.15938979484481
1902,0.9710830704521559,97.10830704521557
1903,0.971098265895954,97.10982658959537
1904,0.9711134453781516,97.11134453781513
1905,0.9711286089238849,97.11286089238845
1906,0.9711437565582375,97.11437565582372
1907,0.9711588883062405,97.11588883062402
1908,0.9706498951781974,97.06498951781971
1909,0.9706652697747515,97.06652697747512
1910,0.9706806282722517,97.06806282722513
1911,0.970695970695971,97.06959706959707
1912,0.97071129707113,97.07112970711297
1913,0.9707266074228963,97.0726607422896
1914,0.9707419017763849,97.07419017763846
1915,0.9707571801566582,97.0757180156658
1916,0.9707724425887267,97.07724425887265
1917,0.9702660406885761,97.0266040688576
1918,0.9702815432742442,97.0281543274244
1919,0.9702970297029705,97.02970297029702
1920,0.9703125000000002,97.03125
1921,0.970327954190526,97.03279541905258
1922,0.970343392299688,97.03433922996878
1923,0.9703588143525743,97.03588143525741
1924,0.9703742203742206,97.03742203742203
1925,0.9703896103896106,97.03896103896103
1926,0.9704049844236762,97.0404984423676
1927,0.9704203425012975,97.04203425012973
1928,0.970435684647303,97.04356846473028
1929,0.9704510108864698,97.04510108864697
1930,0.9704663212435234,97.04663212435233
1931,0.9704816157431383,97.04816157431382
1932,0.9704968944099379,97.04968944099379
1933,0.9705121572684946,97.05121572684946
1934,0.97052740434333,97.05274043433299
1935,0.9705426356589149,97.05426356589147
1936,0.9705578512396695,97.05578512396694
1937,0.970573051109964,97.05730511099638
1938,0.9705882352941178,97.05882352941177
1939,0.9706034038164003,97.06034038164002
1940,0.970618556701031,97.0618556701031
1941,0.9706336939721794,97.06336939721793
1942,0.9706488156539651,97.0648815653965
1943,0.9706639217704581,97.0663921770458
1944,0.9706790123456791,97.0679012345679
1945,0.9706940874035991,97.0694087403599
1946,0.9707091469681399,97.07091469681397
1947,0.9707241910631743,97.07241910631741
1948,0.9707392197125259,97.07392197125257
1949,0.9707542329399694,97.07542329399692
1950,0.9707692307692309,97.07692307692308
1951,0.9707842132239879,97.07842132239877
1952,0.970799180327869,97.07991803278688
1953,0.9708141321044549,97.08141321044546
1954,0.9703172978505632,97.0317297850563
1955,0.9703324808184146,97.03324808184144
1956,0.970347648261759,97.03476482617587
1957,0.9703628002043948,97.03628002043945
1958,0.9703779366700718,97.03779366700715
1959,0.9703930576824913,97.03930576824911
1960,0.9704081632653063,97.04081632653062
1961,0.9704232534421215,97.04232534421213
1962,0.9704383282364936,97.04383282364934
1963,0.9704533876719309,97.04533876719307
1964,0.9704684317718942,97.04684317718942
1965,0.9704834605597966,97.04834605597965
1966,0.9704984740590032,97.04984740590031
1967,0.9705134722928319,97.05134722928317
1968,0.970528455284553,97.05284552845528
1969,0.9705434230573897,97.05434230573896
1970,0.970558375634518,97.05583756345177
1971,0.9705733130390667,97.05733130390665
1972,0.9705882352941179,97.05882352941177
1973,0.9706031424227067,97.06031424227065
1974,0.9706180344478219,97.06180344478217
1975,0.9706329113924053,97.0632911392405
1976,0.9706477732793525,97.06477732793522
1977,0.9706626201315126,97.06626201315125
1978,0.9706774519716888,97.06774519716886
1979,0.9706922688226379,97.06922688226376
1980,0.970707070707071,97.07070707070707
1981,0.970721857647653,97.07218576476527
1982,0.9707366296670032,97.0736629667003
1983,0.9707513867876957,97.07513867876955
1984,0.9707661290322583,97.07661290322581
1985,0.9707808564231741,97.07808564231738
1986,0.9707955689828804,97.07955689828802
1987,0.9708102667337698,97.08102667337695
1988,0.9708249496981894,97.08249496981891
1989,0.9708396178984418,97.08396178984414
1990,0.9708542713567843,97.08542713567839
1991,0.9708689100954297,97.08689100954294
1992,0.9708835341365465,97.08835341365462
1993,0.9708981435022582,97.0898143502258
1994,0.9709127382146443,97.0912738214644
1995,0.9709273182957397,97.09273182957394
1996,0.9709418837675354,97.09418837675351
1997,0.9709564346519783,97.0956434651978
1998,0.9709709709709713,97.09709709709709
1999,0.9709854927463735,97.09854927463732
2000,0.9710000000000003,97.1
